TaskOrder,SceneID,TaskID,StartPoint,EndPoint,EndPoint_All,SceneName,SceneType,LevelName,StartInfo,Background,TaskInfo,Path,EndPointType,Notes,MapAid,Gender,Age,TaskOrderOriginal
1,1,1,1,12,12,太阳宫,商业综合体,5层,厕所,请寻找,费大厨餐厅,厕所Ent02 费大厨 ,1,本层-区内,T,,,1
2,1,3,26,1,"1,2,3,4,5",太阳宫,商业综合体,5层,某处,请寻找,Sukiyaki餐厅,Ent03 餐厅-Sukiyaki,2,本层-区外,T,,,8
3,1,4,26,23,23,太阳宫,商业综合体,5层,某处,请寻找,茉莉白茶饮料店,Ent03 茉莉白茶饮料店,1,本层-区内,T,,,14
4,1,5,25,8,8,太阳宫,商业综合体,5层,某处,请寻找,厕所,Ent04 本层寻找厕所。,1,本层-区内,T,,,21
5,1,6,21,10,10,太阳宫,商业综合体,5层,某处,请寻找,Wagas coffee饮料店,Ent05 Wagas coffee,1,本层-区内,T,,,27
6,1,8,20,27,"8,18,25,27",太阳宫,商业综合体,5层,某处,请前往,三楼并寻找商店-杂物社,Ent06 三楼并去 杂物社店,3,3层-区外,T,,,34
7,1,9,17,7,7,太阳宫,商业综合体,5层,电梯厅,请寻找,复兴面王餐厅,Ent08 复兴面王,1,本层-区内,T,,,40
8,2,1,21,16,"16,17",上海环贸iAPM,商业综合体,地下2层,地铁出口,请乘坐直梯前往3层寻找,餐厅-KING YAKI,从E03→ 直梯→ KING YAKI吃饭,3,5层-区外,F,0,0,47
9,2,2,21,17,"16,17",上海环贸iAPM,商业综合体,地下2层,地铁出口,请乘坐直梯前往3层,逛一逛,从E03→ 直梯→3F闲逛,3,3层-区外,F,1,0,113
10,2,3,22,20,"16,17,20",上海环贸iAPM,商业综合体,地下2层,某处,请前往1层寻找,商场出口,从E01→ 扶梯→1F出口,3,1层-区外,F,0,0,121
11,2,4,22,20,"16,17,20",上海环贸iAPM,商业综合体,地下2层,某处,请前往地下1层寻找,超市-city'super,从E01→ 问询台问题→扶梯→city'super购物,3,GL1层-区外,F,1,0,53
12,2,8,12,16,"16,17,20",上海环贸iAPM,商业综合体,地下2层,某处,请乘坐直梯或电梯前往,其他楼层,从 Ent04 → Ent02 电梯,1,本层-电梯,F,1,0,60
13,2,11,21,20,"16,17,20",上海环贸iAPM,商业综合体,地下2层,某处,请乘坐直梯或电梯前往,其他楼层,从 Ent03 → 扶梯,2,扶梯-本层-区外,F,1,0,67
14,3,1,2,7,7,上海环贸iAPM,商业综合体,4层,某处,请寻找,gaga饮料店,从 Ent01 → gaga 买饮料,1,本层-区内,F,1,0,74
15,3,3,1,20,"1,20",上海环贸iAPM,商业综合体,4层,扶梯,请寻找,ENOTECA 葡萄酒专卖店,从 Ent02扶梯 → ENOTECA 进店,2,本层-区外,F,1,1,80
16,3,5,5,1,"1,20",上海环贸iAPM,商业综合体,4层,扶梯,请寻找,叶马餐厅,从 Ent03扶梯 → 上扶梯 → L5 叶马-吃饭,3,5层-区外,T,1,0,87
17,3,6,5,16,"10,16,18",上海环贸iAPM,商业综合体,4层,扶梯,请前往,一楼并寻找出口,从 Ent03扶梯 → 下扶梯 → L1出去,3,1层-区外,F,0,1,127
18,3,9,15,15,15,上海环贸iAPM,商业综合体,4层,厕所,请寻找,Rikka餐厅,从 Ent05 厕所 → Rikka 吃饭,1,本层-区内,F,1,1,93
19,3,10,15,19,19,上海环贸iAPM,商业综合体,4层,厕所,请寻找,On(昂跑)运动鞋店,从 Ent05 厕所 → On Cloud看产品,1,本层-区内,F,0,0,99
20,3,11,25,16,"10,16,18",上海环贸iAPM,商业综合体,4层,某处,请前往,三楼并寻找厕所,从 Ent07 → 下扶梯 → L3 厕所,3,3层-区外,F,1,1,133
21,4,1,1,8,"4,5,8",上海浦东机场S1,航站楼,国内出发层,某处,距离登机时间还有15分钟，请迅速前往 ,H109登机口,从 Ent01 → 下扶梯→ H109,3,楼下-区外,F,0,1,140
22,4,3,23,6,6,上海浦东机场S1,航站楼,国内出发层,某处,距离登机时间还有40分钟，请前往 ,H102登机口,从 Ent02 → H102 附近的休息区,1,本层-区内,F,0,1,146
23,4,4,23,5,"4,5,8",上海浦东机场S1,航站楼,国内出发层,某处,距离登机时间还有15分钟，请迅速前往 ,H105登机口,从 Ent02 → 上楼→ H105-H108区,3,楼上-区外,F,1,2,106
24,4,5,12,2,"1,2,7",上海浦东机场S1,航站楼,国内出发层,某处,距离登机时间还有15分钟，请迅速前往,H136登机口,从 Ent03 → H136,1,本层-区内,F,0,1,2
25,4,6,12,2,"1,2,7",上海浦东机场S1,航站楼,国内出发层,某处,距离登机时间还有40分钟，请寻找,7-11便利店,从 Ent03 → 7-11店,2,本层-区外,F,1,1,9
26,4,7,9,1,"1,2,7",上海浦东机场S1,航站楼,国内出发层,某处,请前往,T1航站楼 中转,从 Ent04 → 下扶梯 → T1航站楼,3,楼上-区外,F,0,1,15
27,5,2,1,9,9,上海浦东机场S1,航站楼,国内出发层,某处,距离登机时间还有60分钟，请寻找,Carl's Jr卡乐星汉堡店,从 Ent01 → CHARGRILLED BURGERS,1,本层-区内,T,1,0,22
28,5,3,22,1,1,上海浦东机场S1,航站楼,国内出发层,某处,距离登机时间还有60分钟，请寻找,中式人气套餐-丰收日餐厅,从 Ent02 → 丰收日,1,本层-区内,F,0,0,28
29,5,4,22,11,11,上海浦东机场S1,航站楼,国内出发层,某处,您需办理转机手续，请前往,T1 航站楼 中转,从 Ent02 → 下扶梯 → T1航站楼,3,T1-区外,F,1,1,35
30,5,5,25,6,6,上海浦东机场S1,航站楼,国内出发层,扶梯口,距离登机时间还有15分钟，请迅速前往 ,H117登机口,从 Ent03扶梯 → H117,2,本层-区外,F,0,1,41
31,5,7,10,7,7,上海浦东机场S1,航站楼,国内出发层,某处,距离登机时间还有15分钟，请迅速前往 ,H119 登机口,从 Ent04 → 厕所,2,本层-区外,F,0,1,48
32,5,9,8,7,7,上海浦东机场S1,航站楼,国内出发层,某处,距离登机时间还有40分钟，请前往 ,H118 登机口,从 Ent05 → H118登机口,2,本层-区外,F,0,1,114
33,5,10,8,6,6,上海浦东机场S1,航站楼,国内出发层,厕所,距离登机时间还有15分钟，请迅速前往 ,H113 登机口,从 Ent05厕所 → 下扶梯 → H113,3,楼下-区外,T,1,1,122
34,6,1,19,5,"3,4,5",上海浦东机场S1,航站楼,国内出发层,某处,距离登机时间还有15分钟，请迅速前往,H125登机口,Ent02→H125登机口,2,本层-区外,F,0,0,54
35,6,3,33,5,"1,2,3,4,5",上海浦东机场S1,航站楼,国内出发层,某处,距离登机时间还有60分钟，请寻找,星巴克,Ent06→星巴克（等人）,2,本层-区外,F,1,0,61
36,6,4,29,2,"1,2",上海浦东机场S1,航站楼,国内出发层,某处,距离登机时间还有15分钟，请迅速前往,H107登机口,Ent04→H107登机口,2,本层-区外,F,1,0,68
37,6,5,11,1,"1,2",上海浦东机场S1,航站楼,国内出发层,某处,请前往,T1航站楼 中转,Ent03→捷运去往航站楼,2,1层-区外,F,0,0,75
38,6,8,1,3,"3,4,5",上海浦东机场S1,航站楼,国内出发层,某处,距离登机时间还有15分钟，请迅速前往,H124登机口,Ent01→H124登机口,2,本层-区外,F,0,0,81
39,6,10,11,2,"1,2",上海浦东机场S1,航站楼,国内出发层,某处,需办理转机手续，请前往,中转柜台,Ent03→中转柜台,2,本层-区外,F,1,0,88
40,7,1,1,12,"11,12,13",上海浦东机场S1,航站楼,国内出发层,某处,请前往,T1航站楼 中转,Ent01→2层捷运,3,1层-区外,F,0,1,128
41,7,2,15,12,"11,12,13",上海浦东机场S1,航站楼,国内出发层,某处,需办理转机手续，请前往,中转柜台,Ent08→中转柜台,2,本层-区外,F,1,1,94
42,7,4,13,3,3,上海浦东机场S1,航站楼,国内出发层,某处,距离登机时间还有15分钟，请迅速前往,H136登机口,Ent05→H136登机口,1,本层-区内,F,1,1,100
43,7,5,13,16,"11,12,13,14,15,16",上海浦东机场S1,航站楼,国内出发层,某处,距离登机时间还有60分钟，请寻找,星巴克,Ent05→星巴克,2,本层-区外,F,0,1,134
44,7,6,34,9,9,上海浦东机场S1,航站楼,国内出发层,某处,距离登机时间还有15分钟，请迅速前往,H137登机口,Ent02→H137登机口,1,本层-区内,F,1,1,141
45,7,9,23,15,"14,15,16",上海浦东机场S1,航站楼,国内出发层,某处,距离登机时间还有15分钟，请迅速前往,H141登机口,Ent03→H141登机口,2,本层-区外,F,0,1,147
46,7,11,18,16,"14,15,16",上海浦东机场S1,航站楼,国内出发层,某处,距离登机时间还有15分钟，请迅速前往,H142登机口,Ent04→H142登机口,2,本层-区外,F,1,1,107
47,8,1,1,13,13,杭州萧山国际机场T4,航站楼,国内出发层,某处,需离开机场，请前往,到达出口/行李提取,从 Ent01 → 到达/行李提取,1,本层-区内,F,0,1,3
48,8,5,12,13,13,杭州萧山国际机场T4,航站楼,国内出发层,某处,需离开机场，请前往,到达出口/行李提取,从 Ent02 → 到达/行李提取,1,本层-区内,F,1,1,10
49,8,7,12,15,"14,15",杭州萧山国际机场T4,航站楼,国内出发层,某处,距离登机时间还有60分钟，请寻找,星巴克,从 Ent02 → Starbuck,2,本层-区外,F,0,0,16
50,8,9,38,1,1,杭州萧山国际机场T4,航站楼,国内出发层,安检口附近,距离登机时间还有15分钟，请迅速前往,423登机口,从 Ent04 → 423登机口,2,本层-区外,F,0,0,23
51,8,10,38,5,"5,19",杭州萧山国际机场T4,航站楼,国内出发层,安检口附近,距离登机时间还有15分钟，请迅速前往 ,408登机口,从 Ent04 → 408登机口,2,本层-区外,F,1,1,29
52,8,12,38,5,"5,19",杭州萧山国际机场T4,航站楼,国内出发层,安检口附近,距离登机时间还有15分钟，请迅速前往 ,405登机口,从 Ent04 → 405登机口,2,本层-区外,F,1,1,36
53,11,1,20,22,"22,23,24",长沙黄花国际机场T2,航站楼,国内出发层,某处,距离登机时间还有15分钟，请迅速前往 ,36登机口,从 Ent04 → 36 登机口,2,本层-区外,F,0,1,42
54,11,2,20,24,"22,23,24",长沙黄花国际机场T2,航站楼,国内出发层,某处,距离登机时间还有15分钟，请迅速前往 ,34登机口,从 Ent04 → 34 登机口,2,本层-区外,F,1,0,49
55,11,4,21,24,"22,23,24",长沙黄花国际机场T2,航站楼,国内出发层,安检口附近,距离登机时间还有15分钟，请迅速前往 ,32登机口,从 Ent05 → 32 登机口,2,本层-区外,F,1,1,115
56,11,5,17,21,21,长沙黄花国际机场T2,航站楼,国内出发层,某处,距离登机时间还有15分钟，请迅速前往 ,44登机口,从 Ent06 → 39-44 登机口区,2,本层-区外,F,0,0,123
57,11,7,15,23,"22,23,24",长沙黄花国际机场T2,航站楼,国内出发层,厕所,距离登机时间还有60分钟，请寻找,湖南特产餐厅,从 Ent06 厕所 → 湖南特产-商铺,2,本层-区外,F,0,0,55
58,11,8,15,23,"22,23,24",长沙黄花国际机场T2,航站楼,国内出发层,厕所,距离登机时间还有15分钟，请迅速前往,35登机口,从 Ent06 厕所 → 35 登机口,2,本层-区外,F,1,0,62
59,11,9,2,22,"22,23,24",长沙黄花国际机场T2,航站楼,国内出发层,厕所,距离登机时间还有15分钟，请迅速前往,33登机口,从 Ent07 厕所 → 33 登机口,2,本层-区外,F,0,0,69
60,12,1,9,27,27,长沙黄花国际机场T2,航站楼 ,国内出发层,某处,距离登机时间还有15分钟，请迅速前往 ,25登机口,从 Ent04 → 25 登机口,2,本层-区外,F,0,1,76
61,12,3,9,20,20,长沙黄花国际机场T2,航站楼 ,国内出发层,某处,距离登机时间还有15分钟，请迅速前往 ,31 登机口,从 Ent04 → 31-55 登机口区,2,本层-区外,T,0,1,82
62,12,4,9,25,25,长沙黄花国际机场T2,航站楼 ,国内出发层,某处,距离登机时间还有15分钟，请迅速前往 ,28登机口,从 Ent04 → 28 登机口,2,本层-区外,F,0,1,89
63,12,5,14,25,25,长沙黄花国际机场T2,航站楼 ,国内出发层,某处,距离登机时间还有15分钟，请迅速前往 ,27登机口,从 Ent05 → 27 登机口,2,本层-区外,F,0,0,129
64,12,6,14,20,20,长沙黄花国际机场T2,航站楼 ,国内出发层,某处,距离登机时间还有15分钟，请迅速前往 ,53 登机口,从 Ent05 → 31-53 登机口区,2,本层-区外,F,0,1,95
65,12,8,15,13,"12,13",长沙黄花国际机场T2,航站楼 ,国内出发层,厕所,距离登机时间还有45分钟，请寻找,SANRIO GIFT GATE 店 ,从 Ent06 厕所 → SANRIO GIFT GATE,1,本层-区内,F,1,0,101
66,12,9,7,27,27,长沙黄花国际机场T2,航站楼 ,国内出发层,厕所,距离登机时间还有45分钟，请前往 ,27登机口,从 Ent07 厕所 → 27 登机口的休息区,1,本层-区内,F,0,1,135
67,13,3,29,2,7,上海虹桥机场T2,航站楼,国内出发层,某处,距离登机时间还有15分钟，请迅速前往,28登机口,Ent07→28登机口附近休息区,1,本层-区内,F,0,0,142
68,13,4,14,9,"8,9,10",上海虹桥机场T2,航站楼,国内出发层,某处,距离登机时间还有60分钟，请寻找,来伊份商店,Ent06→来伊份商店,1,本层-区内,F,1,0,148
69,13,6,17,24,"1,23,24,26",上海虹桥机场T2,航站楼,国内出发层,某处,距离登机时间还有60分钟，请寻找,KFC餐厅,Ent02→KFC,2,本层-区外,F,0,0,108
70,13,8,18,26,"1,23,24,26",上海虹桥机场T2,航站楼,国内出发层,某处,距离登机时间还有15分钟，请迅速前往,29登机口,Ent03→卫生间,2,本层-区外,F,1,0,4
71,13,11,9,1,"1,23,24,26",上海虹桥机场T2,航站楼,国内出发层,某处,距离登机时间还有15分钟，请迅速前往,29登机口,Ent01→29号登机口,2,本层-区外,F,1,1,11
72,13,12,23,23,"1,23,24,26",上海虹桥机场T2,航站楼,国内出发层,某处,距离登机时间还有15分钟，请迅速前往,37登机口,Ent04→37号登机口,2,本层-区外,F,1,0,17
73,13,14,1,13,"12,13,14",上海虹桥机场T2,航站楼,国内出发层,某处,需离开机场，请前往,到达出口/行李提取,Ent05→KOLOLYSPORT服装店,2,本层-区外,F,0,0,24
74,14,1,13,6,6,云南昆明长水机场T1,航站楼,国内出发层,某处,距离登机时间还有30分钟，请前往,11登机口,Ent03→登机口11附近休息区,1,本层-区内,F,0,1,30
75,14,2,13,6,6,云南昆明长水机场T1,航站楼,国内出发层,某处,距离登机时间还有15分钟，请迅速前往,11登机口,Ent03→登机口11附近,1,本层-区内,F,1,1,37
76,14,3,10,8,8,云南昆明长水机场T1,航站楼,国内出发层,某处,距离登机时间还有30分钟，请前往,9登机口,Ent01→登机口9附近休息区,1,本层-区内,F,0,1,43
77,14,4,10,6,6,云南昆明长水机场T1,航站楼,国内出发层,某处,距离登机时间还有45分钟，请前往,11登机口,Ent01→登机口11附近厕所,1,本层-区内,F,1,1,50
78,14,5,24,12,12,云南昆明长水机场T1,航站楼,国内出发层,某处,距离登机时间还有45分钟，请寻找,吸烟室,Ent05→吸烟室,1,本层-区内,F,0,1,116
79,14,9,1,6,6,云南昆明长水机场T1,航站楼,国内出发层,某处,距离登机时间还有45分钟，请前往,11登机口,Ent04→登机口11附近厕所,1,本层-区内,F,0,1,124
80,15,1,1,1,"1,2,10",云南昆明长水机场T1,航站楼,国内出发层,某处,距离登机时间还有15分钟，请迅速前往,56登机口,Ent01→2层56~63登机口区域,2,本层-区外,F,1,1,56
81,15,3,11,10,"1,2,10",云南昆明长水机场T1,航站楼,国内出发层,某处,距离登机时间还有45分钟，请前往,63登机口,Ent02→56~63登机口区 厕所,2,本层-区外,F,0,1,63
82,15,4,11,10,"1,2,10",云南昆明长水机场T1,航站楼,国内出发层,某处,距离登机时间还有15分钟，请迅速前往,55登机口,Ent02→55登机口,2,本层-区外,F,1,1,70
83,15,5,17,2,"1,2,10",云南昆明长水机场T1,航站楼,国内出发层,某处,距离登机时间还有15分钟，请迅速前往,50登机口,Ent03→50登机口,2,本层-区外,F,1,1,77
84,15,7,9,9,"8,9",云南昆明长水机场T1,航站楼,国内出发层,某处,距离登机时间还有45分钟，请前往,46登机口,Ent04→44~46登机口区 厕所,2,本层-区外,F,1,1,83
85,15,8,9,4,4,云南昆明长水机场T1,航站楼,国内出发层,某处,距离登机时间还有15分钟，请迅速前往,49登机口,Ent04→49登机口,1,本层-区内,F,0,1,90
86,15,10,27,9,"8,9",云南昆明长水机场T1,航站楼,国内出发层,某处,距离登机时间还有45分钟，请前往,44登机口,Ent05→44~46登机口区 厕所,2,本层-区外,F,0,1,130
87,16,1,8,8,8,上海浦东国际机场T2,航站楼,国内出发层,某处,距离登机时间还有60分钟，请寻找,和府捞面 餐厅,Ent03→和府捞面,1,本层-区内,F,1,0,96
88,16,4,9,1,"1,13,15",上海浦东国际机场T2,航站楼,国内出发层,某处,距离登机时间还有15分钟，请迅速前往,C93登机口,Ent02→登机口C93,2,本层-区外,F,0,0,102
89,16,6,18,12,11,上海浦东国际机场T2,航站楼,国内出发层,某处,距离登机时间还有30分钟，请前往,C84登机口,Ent06→登机口C84附近休息区,1,本层-区内,F,0,0,136
90,16,8,1,5,"4,5,6",上海浦东国际机场T2,航站楼,国内出发层,某处,需办理转机手续，请前往,国际/港澳台航班中转柜台,Ent05→中转柜台,2,本层-区外,F,0,0,143
91,16,11,4,11,11,上海浦东国际机场T2,航站楼,国内出发层,某处,距离登机时间还有15分钟，请迅速前往,C84登机口,Ent01→C82登机口,1,本层-区内,F,1,0,149
92,16,12,14,4,"4,5,6",上海浦东国际机场T2,航站楼,国内出发层,某处,距离登机时间还有15分钟，请迅速前往,H602登机口,Ent04→H148~H190，H601~H602区域,2,本层-区外,F,1,0,109
93,18,1,10,12,"12,14,15",武汉天河国际机场T3,航站楼,国内出发层,某处,距离登机时间还有15分钟，请迅速前往 ,20登机口,从 Ent01（扶梯）→ 20 登机口,2,本层-区外,F,0,0,5
94,18,4,12,2,"1,2,4",武汉天河国际机场T3,航站楼,国内出发层,某处,距离登机时间还有60分钟，请寻找,KFC餐厅,从 Ent02· → KFC,2,本层-区外,F,1,0,12
95,18,5,20,2,"1,2,4",武汉天河国际机场T3,航站楼,国内出发层,某处,距离登机时间还有60分钟，请寻找,Lawson超市,从 Ent03（扶梯） → 超市-Lawson,2,本层-区外,F,0,1,18
96,18,6,20,15,"12,14,15",武汉天河国际机场T3,航站楼,国内出发层,某处,距离登机时间还有40分钟，请前往 ,27 登机口,从 Ent03（扶梯） → 15-27 登机口区 休息区,2,本层-区外,F,1,0,25
97,18,7,7,4,"1,2,4",武汉天河国际机场T3,航站楼,国内出发层,某处,需离开机场，请前往,到达出口/行李提取,从 Ent04（扶梯） → 到达出口,2,本层-区外,F,0,0,31
98,18,10,6,6,"6,7",武汉天河国际机场T3,航站楼,国内出发层,某处,距离登机时间还有45分钟，请前往 ,01登机口,从 Ent06· → 1 登机口 厕所,2,本层-区外,F,1,1,38
99,19,1,1,17,"10,17",武汉武商梦时代,商业综合体,B区2层,某处,请前往,本层A区,从 Ent01 → 厕所(区外),2,本层-区外,T,0,0,44
100,19,3,5,3,3,武汉武商梦时代,商业综合体,B区2层,厕所,请前往,本层C区,从 Ent02 → 本层 出口,2,本层-区外,F,0,2,51
101,19,5,10,17,"16,17",武汉武商梦时代,商业综合体,B区2层,某处,请寻找,周大福 珠宝品牌门店 ,从 Ent03 → 周大福,2,本层-区外,F,0,1,117
102,19,7,13,3,"3,16",武汉武商梦时代,商业综合体,B区2层,某处,请前往,本层C区,从 Ent04 → C区 电梯厅,2,本层-区外,F,0,1,125
103,19,9,17,3,3,武汉武商梦时代,商业综合体,B区2层,某处,请寻找,番茄口袋 小物店,从 Ent05 → 番茄口袋,2,本层-区外,F,0,0,57
104,19,12,7,19,19,武汉武商梦时代,商业综合体,B区2层,扶梯口,请寻找,MLB 服饰店,从 Ent07 → MLB,2,本层-区外,F,1,0,64
105,19,13,22,14,"5,12,14,15,18",武汉武商梦时代,商业综合体,B区2层,扶梯口,请乘坐电梯前往,商场1层,从 Ent08 → 下扶梯 → L1Huawei,3,楼下-区外,F,0,1,71
106,23,2,1,21,"19,21,29",新加坡樟宜机场T4,航站楼,国际出发层,某处,距离登机时间还有15分钟，请迅速前往 ,G10 登机口,从 Ent01 → G10,2,本层-区外,F,0,0,78
107,23,3,10,24,"24,25,26,27,28",新加坡樟宜机场T4,航站楼,国际出发层,某处,距离登机时间还有60分钟，请寻找,Discover Singapore 纪念品店,从 Ent03 → Discover Singapore,1,本层-区内,F,1,0,84
108,23,4,10,9,9,新加坡樟宜机场T4,航站楼,国际出发层,某处,距离登机时间还有15分钟，请迅速前往 ,G20 登机口,从 Ent03 → G20,2,本层-区外,F,0,1,91
109,23,5,10,12,12,新加坡樟宜机场T4,航站楼,国际出发层,某处,距离登机时间还有60分钟，请寻找,COSMETIC&PERFUME 化妆品|香水店,从 Ent03 → COSMETIC&PERFUMES BY SHILLA,1,本层-区内,F,1,1,131
110,23,7,15,2,"1,2",新加坡樟宜机场T4,航站楼,国际出发层,某处,距离登机时间还有15分钟，请迅速前往 ,H8 登机口,从 Ent04 → 下扶梯 → H8,3,其他层-区外,F,1,0,97
111,23,8,15,6,6,新加坡樟宜机场T4,航站楼,国际出发层,某处,距离登机时间还有60分钟，请寻找,BEE CHENG HIANG 美珍香食品店,从 Ent04 → BEE CHENG HIANG 店,1,本层-区内,F,0,0,103
112,23,10,15,17,17,新加坡樟宜机场T4,航站楼,国际出发层,某处,请寻找,吸烟室 Smoking area,从 Ent04 → Smoking area,1,本层-区内,F,0,1,137
113,9,2,33,1,"1,2,3",北京大兴,航站楼,国内出发层,某处,距离登机还有15分钟，请迅速前往,B27登机口,Ent01→B27登机口,2,本层-区外,F,0,0,144
114,9,3,32,2,"1,2,3",北京大兴,航站楼,国内出发层,某处,距离登机还有15分钟，请迅速前往,A04登机口,Ent02→A04登机口,2,本层-区外,F,0,0,150
115,9,5,29,3,"1,2,3",北京大兴,航站楼,国内出发层,某处,距离登机还有45分钟，请前往,B区域登机,Ent03→B区域卫生间,2,本层-区外,F,1,0,110
116,9,7,28,3,"1,2,3",北京大兴,航站楼,国内出发层,某处,距离登机还有15分钟，请迅速前往,A08登机口,Ent04→A08登机口,2,本层-区外,F,1,0,6
117,9,13,9,4,"6,7,8",北京大兴,航站楼,国内出发层,某处,距离登机还有45分钟，请前往,C区域登机,Ent09→C区域卫生间,2,本层-区外,F,0,0,13
118,9,16,14,6,"6,7,8",北京大兴,航站楼,国内出发层,某处,距离登机还有15分钟，请迅速前往,C40登机口,Ent08→C40登机口,2,本层-区外,F,1,0,19
119,9,18,16,6,"6,7,8",北京大兴,航站楼,国内出发层,某处,距离登机还有15分钟，请迅速前往,D69登机口,Ent07→D69登机口,2,本层-区外,F,0,0,26
120,9,19,21,6,"6,7,8",北京大兴,航站楼,国内出发层,某处,距离登机还有45分钟，请前往,C区域登机,Ent06→D区域卫生间,2,本层-区外,F,0,0,32
121,10,1,8,10,"10,13,14,15",北京大兴,航站楼,国内出发层,某处,距离登机还有45分钟，请前往,A区域登机,Ent06→A区域卫生间,2,本层-区外,F,1,0,39
122,10,6,8,1,"1,2,17,18,19",北京大兴,航站楼,国内出发层,某处,距离登机还有60分钟，请寻找,B区域 lululemon 服饰店,Ent06→近B区域lululemon,2,本层-区外,F,0,0,45
123,10,7,18,14,"10,13,14,15",北京大兴,航站楼,国内出发层,某处,距离登机还有15分钟，请迅速前往,A区域登机,Ent01→A区域,2,本层-区外,F,1,0,52
124,10,9,20,15,"10,13,14,15",北京大兴,航站楼,国内出发层,某处,距离登机还有15分钟，请迅速前往,A区域登机,Ent02→A区域,2,本层-区外,F,1,0,118
125,10,11,25,4,"2,4,5,9",北京大兴,航站楼,国内出发层,某处,距离登机还有15分钟，请迅速前往,C区域登机,Ent03→C区域,2,本层-区外,F,0,0,126
126,10,13,26,4,"2,4,5,9",北京大兴,航站楼,国内出发层,某处,距离登机还有15分钟，请迅速前往,D 区域登机,Ent04→D区域,2,本层-区外,F,0,0,58
127,17,1,22,14,14,上海浦东机场 T1,航站楼,国际出发层,某处,距离登机时间还有45分钟，请前往 ,G101 登机口,从 Ent02 → G101-G140,3,其他层-区外,F,0,0,65
128,17,2,22,13,13,上海浦东机场 T1,航站楼,国际出发层,某处,距离登机时间还有15分钟，请迅速前往 ,208 登机口,从 Ent02 → 下扶梯 → 208-211 ,3,其他层-区外,F,1,1,72
129,17,4,17,14,14,上海浦东机场 T1,航站楼,国际出发层,某处,距离登机时间还有45分钟，请前往 ,G140 登机口,从 Ent01 → G101-G140,3,其他层-区外,F,0,1,79
130,17,5,7,1,"1,6,9,12",上海浦东机场 T1,航站楼,国际出发层,某处,距离登机时间还有60分钟，请寻找,玉芝兰餐厅,从 Ent05 → 玉芝兰餐厅,2,本层-区外,F,0,1,85
131,17,6,9,6,"6,9",上海浦东机场 T1,航站楼,国际出发层,某处,距离登机时间还有15分钟，请迅速前往 ,213 登机口,从 Ent06 → 下扶梯 → 213-216 ,2,本层-区外,F,0,1,92
132,17,7,9,5,5,上海浦东机场 T1,航站楼,国际出发层,某处,距离登机时间还有60分钟，请寻找,Obscura 简餐店,从 Ent06 → Obscura 餐厅,1,本层-区内,F,1,1,132
133,20,1,8,29,29,新加坡樟宜机场T3,航站楼,国际出发层,某处,距离登机时间还有60分钟，请寻找,Pret A Manger 咖啡店,从 Ent03 → Pret A Manger 咖啡店,1,本层-区内,F,1,1,98
134,20,2,21,18,"17,18",新加坡樟宜机场T3,航站楼,国际出发层,某处,距离登机时间还有60分钟，请寻找,The Kitchen By Wolfgang Puck 餐厅,从 Ent04 → The Kitchen By Wolfgang Puck 餐厅,1,本层-区内,F,1,1,104
135,20,3,1,1,"1,21",新加坡樟宜机场T3,航站楼,国际出发层,某处,距离登机时间还有15分钟，请迅速前往 ,B1 登机口,从 Ent01 → B1-B10 登机口区,2,本层-区外,F,0,0,138
136,20,4,1,4,4,新加坡樟宜机场T3,航站楼,国际出发层,某处,距离登机时间还有60分钟，请寻找,iStudio 店,从 Ent01 → iStudio 店,1,本层-区内,F,0,1,145
137,20,6,8,14,"14,19",新加坡樟宜机场T3,航站楼,国际出发层,某处,距离登机时间还有15分钟，请迅速前往 ,A21登机口,从 Ent03 → A1-A21 登机口区,2,本层-区外,F,1,1,151
138,20,7,8,16,16,新加坡樟宜机场T3,航站楼,国际出发层,某处,距离登机时间还有60分钟，请寻找,WH Smith 超市,从 Ent03 → WH Smith 超市,1,本层-区内,F,0,1,111
139,20,8,21,19,"14,19",新加坡樟宜机场T3,航站楼,国际出发层,某处,距离登机时间还有15分钟，请迅速前往 ,A21 登机口,从 Ent04 → A1-A21 登机口区,2,本层-区外,F,0,0,7
140,21,1,28,16,16,Vivo City,商业综合体,2层,某处,请前往 ,Harbourfront Center 商业综合体,从 Ent01 → Harbourfront Center 商业综合体,2,本层-区外,F,1,1,20
141,21,4,1,31,"2,23,31",Vivo City,商业综合体,2层,某处,请前往 ,B1层 停车场,从 Ent04 → 下扶梯 → B1 停车场,3,其他层-区外,F,1,1,33
142,21,6,15,31,"2,23,31",Vivo City,商业综合体,2层,某处,请前往 ,一楼找出口,从 Ent06 → 下扶梯 → L1 出口,3,其他层-区外,F,1,0,46
143,21,7,20,1,"1,16,26,27,30,31",Vivo City,商业综合体,2层,某处,请寻找 ,BOOST 饮料店,从 Ent07 → BOOST 饮料店,2,本层-区外,F,0,0,119
144,21,8,20,32,32,Vivo City,商业综合体,2层,某处,请前往 ,户外 Playcourt 区,从 Ent07 → 户外 Playcourt 区,2,本层-区外,F,1,0,59
145,21,9,10,24,24,Vivo City,商业综合体,2层,扶梯出来,请寻找 ,"Toys ""R"" Us 玩具店","从 Ent08 → Toys ""R"" Us",1,本层-区内,F,0,0,66
146,22,1,6,10,"10,24",Jewel,商业综合体,1层,某处,请寻找,The Coffee Bean & Tea Leaf 咖啡店,从 Ent01 → The Coffee Bean & Tea Leaf,2,本层-区外,F,0,2,73
147,22,3,6,12,"12,23,25,26",Jewel,商业综合体,1层,扶梯出来,请前往 ,二楼 闲逛,从 Ent02 → 上扶梯→ L2 闲逛,3,其他层-区外,F,0,0,86
148,22,4,28,7,8,Jewel,商业综合体,1层,某处,请前往 ,Magic Adventure 圣诞树打卡点,从 Ent03 → Christmas tree,1,本层-区内,F,1,1,105
149,22,5,29,12,"12,23,25,26",Jewel,商业综合体,1层,某处,请前往 ,二楼 闲逛,从 Ent04 → 上扶梯→ L2 闲逛,3,其他层-区外,F,1,1,139
150,22,6,24,10,"10,20,24",Jewel,商业综合体,1层,某处,请寻找,T1 航站楼登机区域,从 Ent05 → T1 航站楼,2,本层-区外,F,0,0,112
151,22,7,7,18,"18,19,23",Jewel,商业综合体,1层,航站楼进入,请前往 ,Taxi 网约车区,从 Ent06 → 下扶梯 → Taxi 网约车区,3,其他层-区外,F,1,2,120
