TaskOrder,ParticipantID,SourceFile,Timestamp,FrameIndex,SceneID,NodeID,GazeValid,HitStatus,Category,ObjectName,HitPointX,HitPointY,HitPointZ,HitDistance,DeltaTime,GazeOriginX,GazeOriginY,GazeOriginZ,GazeDirectionX,GazeDirectionY,GazeDirectionZ
92,Eye_ID2550787_Task92_1766388497397,Eye_ID2550787_Task92_1766388497397.csv,738.42420000000004,3846,23,12,1,ValidHit,commercial,C6,-66.5349579,3.74359941,48.5604324,20.7099762,0.0111999996,-49.122139,1.64767504,37.5466194,-0.84078598,0.101202004,0.531807005
92,Eye_ID2550787_Task92_1766388497397,Eye_ID2550787_Task92_1766388497397.csv,738.43539999999996,3847,23,12,1,ValidHit,commercial,C6,-61.0035744,3.01488495,50.3035889,17.4839077,0.0110999998,-49.1338005,1.64699101,37.5394096,-0.678885996,0.0782359987,0.730041027
92,Eye_ID2550787_Task92_1766388497397,Eye_ID2550787_Task92_1766388497397.csv,738.44650000000001,3848,23,12,1,ValidHit,commercial,C6,-65.9777298,3.58948398,48.525486,20.2093258,0.0111999996,-49.1232414,1.64772499,37.5449219,-0.833984017,0.0960810035,0.543334007
92,Eye_ID2550787_Task92_1766388497397,Eye_ID2550787_Task92_1766388497397.csv,738.45770000000005,3849,23,12,1,ValidHit,commercial,C6,-66.8362808,3.7568872,48.686676,21.0321217,0.0109000001,-49.1223183,1.647681,37.5459213,-0.842226028,0.100284003,0.529697001
92,Eye_ID2550787_Task92_1766388497397,Eye_ID2550787_Task92_1766388497397.csv,738.46860000000004,3850,23,12,1,ValidHit,commercial,C6,-66.9272156,3.76191211,48.7310677,21.1328716,0.0110999998,-49.1222801,1.64765298,37.5456886,-0.842514992,0.100045003,0.529282987
92,Eye_ID2550787_Task92_1766388497397,Eye_ID2550787_Task92_1766388497397.csv,738.47969999999998,3851,23,12,1,ValidHit,commercial,C6,-59.3541718,3.90999007,51.2268753,17.229084,0.0113000004,-49.1412697,1.645872,37.5370293,-0.592768013,0.131411999,0.794574022
92,Eye_ID2550787_Task92_1766388497397,Eye_ID2550787_Task92_1766388497397.csv,738.49099999999999,3852,23,12,1,ValidHit,commercial,C6,-57.2492676,4.03367758,52.4051361,17.1048031,0.0113000004,-49.1217003,1.64773202,37.5449791,-0.475160003,0.139488995,0.86876601
92,Eye_ID2550787_Task92_1766388497397,Eye_ID2550787_Task92_1766388497397.csv,738.50229999999999,3853,23,12,1,ValidHit,commercial,C6,-57.2541275,4.03314114,52.4024162,17.1048889,0.0108000003,-49.1216812,1.64769697,37.5447502,-0.475443006,0.139458999,0.868615985
92,Eye_ID2550787_Task92_1766388497397,Eye_ID2550787_Task92_1766388497397.csv,738.51310000000001,3854,23,12,1,ValidHit,commercial,C6,-56.2717056,4.26079416,52.9523468,17.1847,0.0111999996,-49.1223488,1.64736199,37.5455093,-0.416025013,0.152077004,0.896531999
92,Eye_ID2550787_Task92_1766388497397,Eye_ID2550787_Task92_1766388497397.csv,738.52430000000004,3855,23,12,1,ValidHit,commercial,C6,-56.2923203,4.32024384,52.9408035,17.1921387,0.0111999996,-49.1223793,1.647295,37.5454483,-0.417044997,0.155474007,0.895482004
92,Eye_ID2550787_Task92_1766388497397,Eye_ID2550787_Task92_1766388497397.csv,738.53549999999996,3856,23,12,1,ValidHit,commercial,C6,-56.241066,4.50784063,52.9694977,17.2271557,0.0109000001,-49.1101303,1.64844501,37.5503998,-0.413931012,0.165979996,0.895035982
92,Eye_ID2550787_Task92_1766388497397,Eye_ID2550787_Task92_1766388497397.csv,738.54639999999995,3857,23,12,1,ValidHit,commercial,C6,-56.2423515,4.50645065,52.9687767,17.2270031,0.0110999998,-49.1100502,1.64842403,37.5502281,-0.414014012,0.165902004,0.895012021
92,Eye_ID2550787_Task92_1766388497397,Eye_ID2550787_Task92_1766388497397.csv,738.5575,3858,23,12,1,ValidHit,commercial,C6,-56.2740364,4.24878407,52.9510384,17.1834202,0.0110999998,-49.1221504,1.64731705,37.5447807,-0.416202992,0.151391998,0.89656502
92,Eye_ID2550787_Task92_1766388497397,Eye_ID2550787_Task92_1766388497397.csv,738.56859999999995,3859,23,12,1,ValidHit,commercial,C6,-56.2890625,4.31620646,52.942627,17.1925354,0.0111999996,-49.1221008,1.64725304,37.5447502,-0.416862011,0.155238003,0.895608008
92,Eye_ID2550787_Task92_1766388497397,Eye_ID2550787_Task92_1766388497397.csv,738.57979999999998,3860,23,12,1,ValidHit,commercial,C6,-56.283989,4.32012415,52.9454689,17.1937218,0.0110999998,-49.1220016,1.64727402,37.5446281,-0.41654399,0.155453995,0.895718992
92,Eye_ID2550787_Task92_1766388497397,Eye_ID2550787_Task92_1766388497397.csv,738.59090000000003,3861,23,12,1,ValidHit,commercial,C6,-56.20084,4.46234941,52.9920158,17.2241154,0.0109999999,-49.1101494,1.64839697,37.5494118,-0.411669999,0.163371995,0.896564007
92,Eye_ID2550787_Task92_1766388497397,Eye_ID2550787_Task92_1766388497397.csv,738.6019,3862,23,12,1,ValidHit,commercial,C6,-56.1450272,4.40472841,53.0232544,17.2200413,0.0111999996,-49.1140404,1.64796495,37.5476189,-0.408298999,0.160089001,0.898690999
92,Eye_ID2550787_Task92_1766388497397,Eye_ID2550787_Task92_1766388497397.csv,738.61310000000003,3863,23,12,1,ValidHit,commercial,C6,-55.9458542,4.50069809,53.1347427,17.2559891,0.0109999999,-49.1200981,1.64730704,37.5451202,-0.39555499,0.165354997,0.903424025
92,Eye_ID2550787_Task92_1766388497397,Eye_ID2550787_Task92_1766388497397.csv,738.6241,3864,23,12,1,ValidHit,commercial,C6,-55.9458313,4.49661732,53.134758,17.255537,0.0113000004,-49.1200294,1.64730501,37.5449104,-0.395568013,0.165123001,0.903460979
92,Eye_ID2550787_Task92_1766388497397,Eye_ID2550787_Task92_1766388497397.csv,738.6354,3865,23,12,1,ValidHit,commercial,C6,-55.9078064,4.34510708,53.1560402,17.235548,0.0109999999,-49.1213799,1.64716494,37.5442009,-0.393741995,0.156532004,0.905784011
92,Eye_ID2550787_Task92_1766388497397,Eye_ID2550787_Task92_1766388497397.csv,738.64639999999997,3866,23,12,1,ValidHit,commercial,C6,-55.9138947,4.35297871,53.1526337,17.2362804,0.0110999998,-49.1231499,1.64700496,37.543251,-0.39397499,0.156991005,0.905601025
92,Eye_ID2550787_Task92_1766388497397,Eye_ID2550787_Task92_1766388497397.csv,738.65750000000003,3867,23,12,1,ValidHit,commercial,C6,-55.9390259,4.51631165,53.1385651,17.2601357,0.0110999998,-49.1196404,1.64742696,37.5444107,-0.395090997,0.166213006,0.90346998
92,Eye_ID2550787_Task92_1766388497397,Eye_ID2550787_Task92_1766388497397.csv,738.66859999999997,3868,23,12,1,ValidHit,commercial,C6,-55.934021,4.52978134,53.1413689,17.2631302,0.0113000004,-49.1195297,1.64746904,37.5442314,-0.394739002,0.166961998,0.903486013
92,Eye_ID2550787_Task92_1766388497397,Eye_ID2550787_Task92_1766388497397.csv,738.67989999999998,3869,23,12,1,ValidHit,commercial,C6,-55.897789,4.38929939,53.1616516,17.244463,0.0109999999,-49.1209183,1.64734805,37.5434799,-0.392984003,0.159003004,0.905682027
92,Eye_ID2550787_Task92_1766388497397,Eye_ID2550787_Task92_1766388497397.csv,738.69090000000006,3870,23,12,1,ValidHit,commercial,C6,-55.9087524,4.41384935,53.1555138,17.2473145,0.0109999999,-49.122551,1.64721501,37.5425987,-0.393458009,0.160407007,0.905223012
92,Eye_ID2550787_Task92_1766388497397,Eye_ID2550787_Task92_1766388497397.csv,738.70190000000002,3871,23,12,1,ValidHit,commercial,C6,-55.912178,4.4263916,53.1535988,17.2491837,0.0111999996,-49.1224403,1.64729595,37.5423698,-0.393620014,0.161111996,0.905026972
92,Eye_ID2550787_Task92_1766388497397,Eye_ID2550787_Task92_1766388497397.csv,738.71310000000005,3872,23,12,1,ValidHit,commercial,C6,-55.7854271,4.34710598,53.2245483,17.2517166,0.0115999999,-49.1277313,1.64681602,37.5399895,-0.385910004,0.156521007,0.909147978
92,Eye_ID2550787_Task92_1766388497397,Eye_ID2550787_Task92_1766388497397.csv,738.72469999999998,3873,23,12,1,ValidHit,commercial,C6,-55.8650894,4.44874573,53.1799583,17.258543,0.0104999999,-49.1324501,1.646348,37.5378494,-0.390100986,0.162376001,0.906332016
92,Eye_ID2550787_Task92_1766388497397,Eye_ID2550787_Task92_1766388497397.csv,738.73519999999996,3874,23,12,1,ValidHit,commercial,C6,-55.8702126,4.48067474,53.1770821,17.2632923,0.0110999998,-49.1292992,1.64661598,37.5390091,-0.390475005,0.164166003,0.905852973
92,Eye_ID2550787_Task92_1766388497397,Eye_ID2550787_Task92_1766388497397.csv,738.74630000000002,3875,23,12,1,ValidHit,commercial,C6,-55.8946075,4.48979425,53.1634293,17.2622032,0.0110999998,-49.1292305,1.64662898,37.5387802,-0.39191699,0.164703995,0.905133009
92,Eye_ID2550787_Task92_1766388497397,Eye_ID2550787_Task92_1766388497397.csv,738.75739999999996,3876,23,12,1,ValidHit,commercial,C6,-56.910305,5.7353735,52.5948753,17.4353008,0.0109999999,-49.1202087,1.64785504,37.5417595,-0.446794003,0.234436005,0.863358021
92,Eye_ID2550787_Task92_1766388497397,Eye_ID2550787_Task92_1766388497397.csv,738.76840000000004,3877,23,12,1,ValidHit,commercial,C6,-55.9727478,4.48341894,53.1196899,17.2530003,0.0113000004,-49.1322594,1.64631295,37.5368614,-0.396477997,0.164440006,0.90318799
92,Eye_ID2550787_Task92_1766388497397,Eye_ID2550787_Task92_1766388497397.csv,738.77970000000005,3878,23,12,1,ValidHit,commercial,C6,-56.021019,4.48626804,53.0926743,17.2485733,0.0111999996,-49.1322594,1.64630103,37.5365486,-0.399378002,0.164647996,0.901871026
92,Eye_ID2550787_Task92_1766388497397,Eye_ID2550787_Task92_1766388497397.csv,738.79089999999997,3879,23,12,1,ValidHit,commercial,C6,-56.0762863,4.51652384,53.0617332,17.2481461,0.0109999999,-49.1291504,1.64654005,37.53759,-0.402774006,0.166392997,0.900043011
92,Eye_ID2550787_Task92_1766388497397,Eye_ID2550787_Task92_1766388497397.csv,738.80190000000005,3880,23,12,1,ValidHit,commercial,C6,-57.0625229,5.46315384,52.5096664,17.3692684,0.0109999999,-49.1252098,1.64719999,37.5387306,-0.45697099,0.219694003,0.861913979
92,Eye_ID2550787_Task92_1766388497397,Eye_ID2550787_Task92_1766388497397.csv,738.81290000000001,3881,23,12,1,ValidHit,commercial,C6,-56.9480515,5.33091784,52.5737457,17.3441086,0.0111999996,-49.1305008,1.64656997,37.5361404,-0.450731009,0.212426007,0.867012978
92,Eye_ID2550787_Task92_1766388497397,Eye_ID2550787_Task92_1766388497397.csv,738.82410000000004,3882,23,12,1,ValidHit,commercial,C6,-57.0251198,5.32575274,52.5306053,17.3407993,0.0111999996,-49.1306,1.64657998,37.53582,-0.455255985,0.212167993,0.86470902
92,Eye_ID2550787_Task92_1766388497397,Eye_ID2550787_Task92_1766388497397.csv,738.83529999999996,3883,23,12,1,ValidHit,commercial,C6,-57.1818695,5.60780716,52.4428635,17.3999844,0.0110999998,-49.1232796,1.64739394,37.5387115,-0.463131011,0.227606997,0.856549025
92,Eye_ID2550787_Task92_1766388497397,Eye_ID2550787_Task92_1766388497397.csv,738.84640000000002,3884,23,12,1,ValidHit,commercial,C6,-60.6268692,6.25473261,50.5144577,17.9448872,0.0113000004,-49.1219788,1.64839005,37.5360909,-0.641113997,0.256689996,0.723223984
92,Eye_ID2550787_Task92_1766388497397,Eye_ID2550787_Task92_1766388497397.csv,738.85770000000002,3885,23,12,1,ValidHit,commercial,C6,-57.2677116,5.33541012,52.3948097,17.3386993,0.0109000001,-49.1309814,1.64657199,37.5349083,-0.469280005,0.212751001,0.857034028
92,Eye_ID2550787_Task92_1766388497397,Eye_ID2550787_Task92_1766388497397.csv,738.86860000000001,3886,23,12,1,ValidHit,commercial,C6,-57.3593788,5.34045315,52.343502,17.3393021,0.0109999999,-49.1311607,1.64657998,37.5346107,-0.474539995,0.213034004,0.854062021
92,Eye_ID2550787_Task92_1766388497397,Eye_ID2550787_Task92_1766388497397.csv,738.87959999999998,3887,23,12,1,ValidHit,commercial,C6,-57.5379219,5.62236547,52.2435608,17.4027882,0.0113000004,-49.1240196,1.64745998,37.5376587,-0.483473003,0.228403002,0.845018983
92,Eye_ID2550787_Task92_1766388497397,Eye_ID2550787_Task92_1766388497397.csv,738.89089999999999,3888,23,12,1,ValidHit,roof,roof,-73.521637,11,60.6814766,34.912426,0.0109999999,-49.1071281,1.65017402,37.5429993,-0.699297011,0.267803997,0.662747979
92,Eye_ID2550787_Task92_1766388497397,Eye_ID2550787_Task92_1766388497397.csv,738.90189999999996,3889,23,12,1,ValidHit,roof,roof,-73.7563019,11,60.5843925,35.0128136,0.0110999998,-49.1074486,1.65021706,37.5428581,-0.703984976,0.267035007,0.658079028
92,Eye_ID2550787_Task92_1766388497397,Eye_ID2550787_Task92_1766388497397.csv,738.91300000000001,3890,23,12,1,ValidHit,roof,roof,-73.7322693,11.000001,60.4764328,34.9240608,0.0110999998,-49.1100006,1.64993799,37.5415192,-0.70501101,0.267720997,0.656696975
92,Eye_ID2550787_Task92_1766388497397,Eye_ID2550787_Task92_1766388497397.csv,738.92409999999995,3891,23,12,1,ValidHit,commercial,C6,-61.8645439,6.4620409,49.8322563,18.3529587,0.0109999999,-49.1153412,1.64933801,37.5388908,-0.694656014,0.262225986,0.669818997
92,Eye_ID2550787_Task92_1766388497397,Eye_ID2550787_Task92_1766388497397.csv,738.93510000000003,3892,23,12,1,ValidHit,commercial,C6,-61.2866936,6.13078737,50.1451111,18.0821037,0.0119000003,-49.1326714,1.64712906,37.5300789,-0.672149003,0.247958004,0.697643995
92,Eye_ID2550787_Task92_1766388497397,Eye_ID2550787_Task92_1766388497397.csv,738.947,3893,23,12,1,ValidHit,commercial,C6,-61.3914986,6.12315512,50.086441,18.1101818,0.0103000002,-49.1328392,1.64711404,37.5298119,-0.676885009,0.247152999,0.693337977
92,Eye_ID2550787_Task92_1766388497397,Eye_ID2550787_Task92_1766388497397.csv,738.95730000000003,3894,23,12,1,ValidHit,commercial,C6,-61.0832558,5.9804759,50.2589912,17.99053,0.0110999998,-49.1289711,1.64758301,37.5318413,-0.664470971,0.240841001,0.707430005
92,Eye_ID2550787_Task92_1766388497397,Eye_ID2550787_Task92_1766388497397.csv,738.96839999999997,3895,23,12,1,ValidHit,commercial,C6,-62.3726768,6.47085857,49.6619339,18.6001301,0.0115,-49.1162796,1.64927101,37.5381889,-0.712692976,0.259218991,0.651799023
92,Eye_ID2550787_Task92_1766388497397,Eye_ID2550787_Task92_1766388497397.csv,738.97990000000004,3896,23,12,1,ValidHit,commercial,C6,-62.4966621,6.4676652,49.6203728,18.6609421,0.0108000003,-49.1164703,1.64921999,37.5379982,-0.717004001,0.25820601,0.647458017
92,Eye_ID2550787_Task92_1766388497397,Eye_ID2550787_Task92_1766388497397.csv,738.99069999999995,3897,23,12,1,ValidHit,commercial,C6,-61.7908745,6.0916357,49.8628845,18.2235241,0.0110999998,-49.1335411,1.64684796,37.5286789,-0.694552004,0.243900999,0.676820993
92,Eye_ID2550787_Task92_1766388497397,Eye_ID2550787_Task92_1766388497397.csv,739.0018,3898,23,12,1,ValidHit,commercial,C6,-61.6574821,6.2531743,49.9375534,18.2286777,0.0110999998,-49.1100006,1.650056,37.5417213,-0.688329995,0.252517998,0.680010974
92,Eye_ID2550787_Task92_1766388497397,Eye_ID2550787_Task92_1766388497397.csv,739.01289999999995,3899,23,12,1,ValidHit,commercial,C6,-61.6021347,6.06873798,49.9685326,18.1669292,0.0110999998,-49.1064491,1.65049696,37.5437889,-0.687821984,0.243201002,0.683916986
92,Eye_ID2550787_Task92_1766388497397,Eye_ID2550787_Task92_1766388497397.csv,739.024,3900,23,12,1,ValidHit,commercial,C6,-61.6685829,6.04810762,49.9313393,18.1822605,0.0110999998,-49.1067009,1.65043104,37.5436783,-0.690882981,0.241864994,0.681300998
92,Eye_ID2550787_Task92_1766388497397,Eye_ID2550787_Task92_1766388497397.csv,739.03510000000006,3901,23,12,1,ValidHit,commercial,C6,-61.1366768,6.40338898,50.229084,18.1132259,0.0109999999,-49.1215096,1.64807296,37.5361099,-0.663326979,0.262528986,0.700747013
92,Eye_ID2550787_Task92_1766388497397,Eye_ID2550787_Task92_1766388497397.csv,739.04610000000002,3902,23,12,1,ValidHit,commercial,C6,-60.4310913,5.99448681,50.6240463,17.8316689,0.0111999996,-49.1428986,1.64499402,37.5233994,-0.633037984,0.243918002,0.734679997
92,Eye_ID2550787_Task92_1766388497397,Eye_ID2550787_Task92_1766388497397.csv,739.05730000000005,3903,23,12,1,ValidHit,commercial,C6,-60.4888535,5.96198177,50.5917206,17.836916,0.0110999998,-49.14291,1.64486504,37.52314,-0.636089027,0.242030993,0.732665002
92,Eye_ID2550787_Task92_1766388497397,Eye_ID2550787_Task92_1766388497397.csv,739.0684,3904,23,12,1,ValidHit,roof,roof,-71.3017502,11.000001,61.3953857,33.8956795,0.0111999996,-49.1073494,1.64972305,37.5438118,-0.654781997,0.275853008,0.703671992
92,Eye_ID2550787_Task92_1766388497397,Eye_ID2550787_Task92_1766388497397.csv,739.07960000000003,3905,23,12,1,ValidHit,commercial,C6,-61.3532791,6.28136683,50.1078377,18.1423836,0.0111999996,-49.12183,1.64749801,37.53545,-0.674181998,0.255412996,0.692973971
92,Eye_ID2550787_Task92_1766388497397,Eye_ID2550787_Task92_1766388497397.csv,739.09079999999994,3906,23,12,1,ValidHit,commercial,C6,-60.6320801,5.86651087,50.5115433,17.847702,0.0109000001,-49.1430092,1.64446604,37.5224686,-0.643724024,0.236558005,0.727768004
92,Eye_ID2550787_Task92_1766388497397,Eye_ID2550787_Task92_1766388497397.csv,739.10170000000005,3907,23,12,1,ValidHit,commercial,C6,-60.6698227,5.83391666,50.4904137,17.8491001,0.0110999998,-49.1430702,1.64436603,37.5223007,-0.645784974,0.234718993,0.726536989
92,Eye_ID2550787_Task92_1766388497397,Eye_ID2550787_Task92_1766388497397.csv,739.11279999999999,3908,23,12,1,ValidHit,commercial,C6,-60.9616585,6.49275494,50.3270531,18.0935078,0.0111999996,-49.1108589,1.64883399,37.5415192,-0.654968023,0.26771301,0.706628978
92,Eye_ID2550787_Task92_1766388497397,Eye_ID2550787_Task92_1766388497397.csv,739.12400000000002,3909,23,12,1,ValidHit,commercial,C6,-60.6268616,6.48058271,50.5144615,18.0043488,0.0110999998,-49.1251602,1.64648902,37.5337486,-0.638827026,0.268494993,0.720974028
92,Eye_ID2550787_Task92_1766388497397,Eye_ID2550787_Task92_1766388497397.csv,739.13509999999997,3910,23,12,1,ValidHit,commercial,C6,-60.6562538,6.44458199,50.4980049,18.0017223,0.0110999998,-49.1252289,1.646348,37.5336609,-0.640549004,0.266541988,0.720170021
92,Eye_ID2550787_Task92_1766388497397,Eye_ID2550787_Task92_1766388497397.csv,739.14620000000002,3911,23,12,1,ValidHit,commercial,C6,-60.4526024,6.05745411,50.6120071,17.8552475,0.0110999998,-49.1293716,1.645805,37.5302811,-0.634159029,0.247075006,0.732644022
92,Eye_ID2550787_Task92_1766388497397,Eye_ID2550787_Task92_1766388497397.csv,739.15729999999996,3912,23,12,1,ValidHit,commercial,C6,-60.4009514,6.12956476,50.6409187,17.8625374,0.0113000004,-49.1245499,1.64637601,37.5331383,-0.631281018,0.25097999,0.733806014
92,Eye_ID2550787_Task92_1766388497397,Eye_ID2550787_Task92_1766388497397.csv,739.16859999999997,3913,23,12,1,ValidHit,roof,roof,-73.8096466,11,59.6696472,34.4555626,0.0114000002,-49.1110115,1.64851606,37.5401802,-0.716820002,0.271405011,0.642256021
92,Eye_ID2550787_Task92_1766388497397,Eye_ID2550787_Task92_1766388497397.csv,739.17999999999995,3914,23,12,1,ValidHit,roof,roof,-74.1292572,11.000001,59.8550339,34.8039246,0.0109999999,-49.1111107,1.64832902,37.5401993,-0.718825996,0.268694013,0.641153991
92,Eye_ID2550787_Task92_1766388497397,Eye_ID2550787_Task92_1766388497397.csv,739.19100000000003,3915,23,12,1,ValidHit,commercial,C6,-60.5828552,5.87156677,50.5390968,17.8401814,0.0107000005,-49.1296692,1.64509702,37.5301208,-0.641978979,0.236903995,0.729184985
92,Eye_ID2550787_Task92_1766388497397,Eye_ID2550787_Task92_1766388497397.csv,739.20169999999996,3916,23,12,1,ValidHit,commercial,C6,-60.5268593,5.92844534,50.5704422,17.8415337,0.0110999998,-49.1249199,1.64571404,37.53302,-0.63906002,0.240040004,0.730726004
92,Eye_ID2550787_Task92_1766388497397,Eye_ID2550787_Task92_1766388497397.csv,739.21280000000002,3917,23,12,1,ValidHit,commercial,C6,-60.5577698,5.87777948,50.5531387,17.8365784,0.0111999996,-49.1250381,1.645594,37.5329704,-0.640963972,0.237272993,0.729961991
92,Eye_ID2550787_Task92_1766388497397,Eye_ID2550787_Task92_1766388497397.csv,739.22400000000005,3918,23,12,1,ValidHit,roof,roof,-74.5821304,11,60.1369705,35.310688,0.0109999999,-49.1108017,1.64785004,37.5406609,-0.721342981,0.264851004,0.639922976
92,Eye_ID2550787_Task92_1766388497397,Eye_ID2550787_Task92_1766388497397.csv,739.23500000000001,3919,23,12,1,ValidHit,roof,roof,-74.6460114,11.000001,60.168766,35.3772354,0.0118000004,-49.1099014,1.64778101,37.5415306,-0.72181797,0.264355004,0.639594018
92,Eye_ID2550787_Task92_1766388497397,Eye_ID2550787_Task92_1766388497397.csv,739.24680000000001,3920,23,12,1,ValidHit,commercial,C6,-62.2395058,6.37274885,49.7065659,18.5088863,0.0103000002,-49.1231918,1.64574397,37.5329704,-0.708647013,0.255389988,0.657714009
92,Eye_ID2550787_Task92_1766388497397,Eye_ID2550787_Task92_1766388497397.csv,739.25710000000004,3921,23,12,1,ValidHit,commercial,C6,-62.2943459,6.31670284,49.6881905,18.5214577,0.0110999998,-49.1233101,1.645625,37.5329704,-0.711120009,0.252196997,0.656274974
92,Eye_ID2550787_Task92_1766388497397,Eye_ID2550787_Task92_1766388497397.csv,739.26819999999998,3922,23,12,1,ValidHit,commercial,C6,-62.0516777,6.28889894,49.7695313,18.396965,0.0111999996,-49.1223183,1.645684,37.5334892,-0.702791989,0.252388,0.665105999
92,Eye_ID2550787_Task92_1766388497397,Eye_ID2550787_Task92_1766388497397.csv,739.27940000000001,3923,23,12,1,ValidHit,commercial,C6,-61.9475899,6.13891935,49.8044167,18.3089771,0.0110999998,-49.1261215,1.645015,37.5311394,-0.700280011,0.245446995,0.670338988
92,Eye_ID2550787_Task92_1766388497397,Eye_ID2550787_Task92_1766388497397.csv,739.29049999999995,3924,23,12,1,ValidHit,commercial,C6,-62.0000687,6.10480404,49.7868271,18.3255596,0.0110999998,-49.1263084,1.64483798,37.5311699,-0.702499986,0.243373007,0.668771029
92,Eye_ID2550787_Task92_1766388497397,Eye_ID2550787_Task92_1766388497397.csv,739.30160000000001,3925,23,12,1,ValidHit,roof,roof,-72.4632797,11.000001,59.5126343,33.3981018,0.0110999998,-49.1179695,1.64586401,37.5369682,-0.698988974,0.280075014,0.657980025
92,Eye_ID2550787_Task92_1766388497397,Eye_ID2550787_Task92_1766388497397.csv,739.31269999999995,3926,23,12,1,ValidHit,commercial,C6,-62.2605629,6.13437653,49.6995163,18.4596882,0.0111999996,-49.1229706,1.64499104,37.5336113,-0.711683989,0.243196994,0.659045994
92,Eye_ID2550787_Task92_1766388497397,Eye_ID2550787_Task92_1766388497397.csv,739.32389999999998,3927,23,12,1,ValidHit,commercial,C6,-62.1412659,5.98266649,49.739502,18.3641529,0.0109000001,-49.1266594,1.64432001,37.5312691,-0.708693027,0.236239001,0.664783001
92,Eye_ID2550787_Task92_1766388497397,Eye_ID2550787_Task92_1766388497397.csv,739.33479999999997,3928,23,12,1,ValidHit,commercial,C6,-62.1810532,5.94006252,49.726162,18.3733788,0.0120000001,-49.1268311,1.64418006,37.5313416,-0.710493028,0.233808994,0.663718998
92,Eye_ID2550787_Task92_1766388497397,Eye_ID2550787_Task92_1766388497397.csv,739.34680000000003,3929,23,12,1,ValidHit,roof,roof,-73.6524734,11.000001,60.2901192,34.7436256,0.0104,-49.1185493,1.645293,37.5372009,-0.706134975,0.269246995,0.654874027
92,Eye_ID2550787_Task92_1766388497397,Eye_ID2550787_Task92_1766388497397.csv,739.35720000000003,3930,23,12,1,ValidHit,roof,roof,-73.6686859,11,61.1723595,35.3371468,0.0109999999,-49.125721,1.64408398,37.5329094,-0.694527984,0.264757991,0.668959975
92,Eye_ID2550787_Task92_1766388497397,Eye_ID2550787_Task92_1766388497397.csv,739.3682,3931,23,12,1,ValidHit,commercial,C6,-61.9052544,6.48405743,49.8186073,18.3759956,0.0110999998,-49.1258316,1.64399505,37.5329514,-0.695432007,0.263386995,0.668561995
92,Eye_ID2550787_Task92_1766388497397,Eye_ID2550787_Task92_1766388497397.csv,739.37929999999994,3932,23,12,1,ValidHit,roof,roof,-73.686676,11.000001,60.5541,34.9404068,0.0110999998,-49.1189194,1.64498496,37.5379982,-0.703125,0.267738998,0.658716977
92,Eye_ID2550787_Task92_1766388497397,Eye_ID2550787_Task92_1766388497397.csv,739.3904,3933,23,12,1,ValidHit,commercial,C6,-61.958519,6.48764086,49.8007545,18.4032555,0.0111999996,-49.1186295,1.64506698,37.5383492,-0.69768399,0.263132006,0.666305006
92,Eye_ID2550787_Task92_1766388497397,Eye_ID2550787_Task92_1766388497397.csv,739.40160000000003,3934,23,12,1,ValidHit,commercial,C6,-61.9272995,6.39935207,49.8112183,18.3638763,0.0110999998,-49.1260986,1.64376295,37.533371,-0.697076976,0.258960992,0.668578029
92,Eye_ID2550787_Task92_1766388497397,Eye_ID2550787_Task92_1766388497397.csv,739.41269999999997,3935,23,12,1,ValidHit,commercial,C6,-61.9152069,6.36512661,49.8152695,18.3492126,0.0110999998,-49.1261711,1.64373696,37.5334702,-0.696970999,0.257304013,0.669327974
92,Eye_ID2550787_Task92_1766388497397,Eye_ID2550787_Task92_1766388497397.csv,739.42380000000003,3936,23,12,1,ValidHit,commercial,C6,-62.1301346,6.48024368,49.7432289,18.4828949,0.0111999996,-49.1193008,1.64476597,37.5385704,-0.703930974,0.261615992,0.660314023
92,Eye_ID2550787_Task92_1766388497397,Eye_ID2550787_Task92_1766388497397.csv,739.43499999999995,3937,23,12,1,ValidHit,commercial,C6,-61.5217247,6.11695242,50.013546,18.1498623,0.0109999999,-49.1248817,1.64414799,37.5343704,-0.683014989,0.246433005,0.687551022
92,Eye_ID2550787_Task92_1766388497397,Eye_ID2550787_Task92_1766388497397.csv,739.44600000000003,3938,23,12,1,ValidHit,commercial,C6,-61.1057739,5.94210005,50.2463837,17.9876747,0.0109999999,-49.1345215,1.64278102,37.5278397,-0.665517986,0.239012003,0.707062006
92,Eye_ID2550787_Task92_1766388497397,Eye_ID2550787_Task92_1766388497397.csv,739.45699999999999,3939,23,12,1,ValidHit,commercial,C6,-61.0937996,5.91853952,50.2530861,17.9785881,0.0113000004,-49.1346207,1.64275396,37.5280991,-0.665183008,0.237823993,0.707777977
92,Eye_ID2550787_Task92_1766388497397,Eye_ID2550787_Task92_1766388497397.csv,739.4683,3940,23,12,1,ValidHit,roof,roof,-71.8036423,11.000001,62.0604401,34.6857948,0.0109999999,-49.1486397,1.64051199,37.5195618,-0.653146029,0.269834995,0.707516015
92,Eye_ID2550787_Task92_1766388497397,Eye_ID2550787_Task92_1766388497397.csv,739.47929999999997,3941,23,12,1,ValidHit,commercial,C6,-60.7633324,6.45055628,50.438076,18.0252743,0.0110999998,-49.1527405,1.639974,37.5166588,-0.644116998,0.266874999,0.716836989
92,Eye_ID2550787_Task92_1766388497397,Eye_ID2550787_Task92_1766388497397.csv,739.49040000000002,3942,23,12,1,ValidHit,commercial,C6,-60.738121,6.42714596,50.4521866,18.0127087,0.0111999996,-49.1527901,1.63995099,37.5169411,-0.643163979,0.265763015,0.718105018
92,Eye_ID2550787_Task92_1766388497397,Eye_ID2550787_Task92_1766388497397.csv,739.50160000000005,3943,23,12,1,ValidHit,commercial,C6,-60.7745018,6.437953,50.4318237,18.0240917,0.0109999999,-49.1529808,1.63995898,37.5172005,-0.644770026,0.266196012,0.716512024
92,Eye_ID2550787_Task92_1766388497397,Eye_ID2550787_Task92_1766388497397.csv,739.51260000000002,3944,23,12,1,ValidHit,roof,roof,-71.0043259,11.000001,60.2443008,32.894558,0.0115,-49.1091003,1.64610398,37.5472603,-0.665609002,0.284355998,0.689984024
92,Eye_ID2550787_Task92_1766388497397,Eye_ID2550787_Task92_1766388497397.csv,739.52409999999998,3945,23,12,1,ValidHit,commercial,C6,-60.6772575,6.3571825,50.4862518,17.9789791,0.0107000005,-49.1529388,1.63987899,37.5177994,-0.640977025,0.262374014,0.721298993
92,Eye_ID2550787_Task92_1766388497397,Eye_ID2550787_Task92_1766388497397.csv,739.53480000000002,3946,23,12,1,ValidHit,commercial,C6,-60.6643219,6.34072924,50.4934959,17.9713287,0.0111999996,-49.1530113,1.63981199,37.5181389,-0.640525997,0.261574,0.721989989
92,Eye_ID2550787_Task92_1766388497397,Eye_ID2550787_Task92_1766388497397.csv,739.54600000000005,3947,23,12,1,ValidHit,commercial,C6,-60.7151985,6.36173773,50.4650154,17.9886398,0.0110999998,-49.1532097,1.63982797,37.5183907,-0.642731011,0.262490988,0.719703019
92,Eye_ID2550787_Task92_1766388497397,Eye_ID2550787_Task92_1766388497397.csv,739.55709999999999,3948,23,12,1,ValidHit,roof,roof,-70.8102036,11.000001,62.2306595,34.1713638,0.0109999999,-49.1078682,1.646258,37.5487099,-0.635101974,0.27373001,0.722298026
92,Eye_ID2550787_Task92_1766388497397,Eye_ID2550787_Task92_1766388497397.csv,739.56809999999996,3949,23,12,1,ValidHit,roof,roof,-70.8416595,11,62.2900848,34.2340088,0.0110999998,-49.1079597,1.64619303,37.5490303,-0.634855986,0.273231,0.72270298
92,Eye_ID2550787_Task92_1766388497397,Eye_ID2550787_Task92_1766388497397.csv,739.57920000000001,3950,23,12,1,ValidHit,roof,roof,-66.3193283,11.000001,60.4221725,30.1138496,0.0113000004,-49.1126709,1.64529502,37.5471992,-0.571381986,0.310642004,0.759609997
92,Eye_ID2550787_Task92_1766388497397,Eye_ID2550787_Task92_1766388497397.csv,739.59050000000002,3951,23,12,1,ValidHit,roof,roof,-67.6756592,11,63.8942413,33.5609131,0.0109000001,-49.1260109,1.64389098,37.536911,-0.552706003,0.278775007,0.785344005
92,Eye_ID2550787_Task92_1766388497397,Eye_ID2550787_Task92_1766388497397.csv,739.60140000000001,3952,23,12,1,ValidHit,roof,roof,-68.0539932,11.000001,64.2808762,34.0742989,0.0110999998,-49.1321106,1.64324701,37.5325699,-0.555306971,0.274596006,0.78499198
92,Eye_ID2550787_Task92_1766388497397,Eye_ID2550787_Task92_1766388497397.csv,739.61249999999995,3953,23,12,1,ValidHit,commercial,C6,-58.9655571,6.49167252,51.4444122,17.7125301,0.0111999996,-49.1321716,1.64326501,37.5328598,-0.555159986,0.273725003,0.785399973
92,Eye_ID2550787_Task92_1766388497397,Eye_ID2550787_Task92_1766388497397.csv,739.62369999999999,3954,23,12,1,ValidHit,roof,roof,-67.3733749,11.000001,62.8267517,32.5579643,0.0110999998,-49.1247292,1.64404202,37.538929,-0.560491025,0.287360013,0.776692986
92,Eye_ID2550787_Task92_1766388497397,Eye_ID2550787_Task92_1766388497397.csv,739.63480000000004,3955,23,12,1,ValidHit,roof,roof,-67.8496628,11.000001,64.1856537,33.8849792,0.0111999996,-49.1264,1.64382505,37.5380898,-0.552543998,0.276111007,0.786399007
92,Eye_ID2550787_Task92_1766388497397,Eye_ID2550787_Task92_1766388497397.csv,739.64599999999996,3956,23,12,1,ValidHit,roof,roof,-67.8847198,11,64.2335815,33.9417801,0.0110999998,-49.1265106,1.64378905,37.5383606,-0.552649021,0.275649995,0.786486983
92,Eye_ID2550787_Task92_1766388497397,Eye_ID2550787_Task92_1766388497397.csv,739.65710000000001,3957,23,12,1,ValidHit,commercial,C6,-58.9751434,6.45826769,51.4390411,17.7034111,0.0109999999,-49.1326294,1.64314401,37.5340004,-0.555962026,0.271986008,0.785436988
92,Eye_ID2550787_Task92_1766388497397,Eye_ID2550787_Task92_1766388497397.csv,739.66809999999998,3958,23,12,1,ValidHit,roof,roof,-66.7485275,11.000001,62.1502914,31.6827965,0.0109999999,-49.1273994,1.643695,37.5382004,-0.556165993,0.295307994,0.776817977
92,Eye_ID2550787_Task92_1766388497397,Eye_ID2550787_Task92_1766388497397.csv,739.67909999999995,3959,23,12,1,ValidHit,roof,roof,-66.7669983,11.000001,62.1852264,31.7198467,0.0111999996,-49.1275291,1.64373302,37.538559,-0.556095004,0.294961989,0.777001023
92,Eye_ID2550787_Task92_1766388497397,Eye_ID2550787_Task92_1766388497397.csv,739.69029999999998,3960,23,12,1,ValidHit,roof,roof,-67.6327667,11.000001,63.3681259,33.1230888,0.0110999998,-49.1329498,1.64307201,37.5351295,-0.558510005,0.282485992,0.779899001
92,Eye_ID2550787_Task92_1766388497397,Eye_ID2550787_Task92_1766388497397.csv,739.70140000000004,3961,23,12,1,ValidHit,roof,roof,-66.5321503,11.0000019,62.1520882,31.5635586,0.0110999998,-49.1330605,1.643062,37.5354691,-0.551232994,0.296443999,0.779896975
92,Eye_ID2550787_Task92_1766388497397,Eye_ID2550787_Task92_1766388497397.csv,739.71249999999998,3962,23,12,1,ValidHit,roof,roof,-66.7926407,11.000001,62.2142487,31.7556114,0.0110999998,-49.1323204,1.64307499,37.5367317,-0.556129992,0.294652998,0.77710402
92,Eye_ID2550787_Task92_1766388497397,Eye_ID2550787_Task92_1766388497397.csv,739.72360000000003,3963,23,12,1,ValidHit,roof,roof,-66.8282852,11,62.2893753,31.8335361,0.0110999998,-49.1324005,1.64303505,37.5370789,-0.555885971,0.293933004,0.777550995
92,Eye_ID2550787_Task92_1766388497397,Eye_ID2550787_Task92_1766388497397.csv,739.73469999999998,3964,23,12,1,ValidHit,roof,roof,-66.9110489,11.000001,61.7266045,31.4443645,0.0110999998,-49.1260796,1.64379001,37.5418091,-0.565599024,0.297547013,0.769127011
92,Eye_ID2550787_Task92_1766388497397,Eye_ID2550787_Task92_1766388497397.csv,739.74580000000003,3965,23,12,1,ValidHit,roof,roof,-66.1190643,11.0000019,61.6997185,30.982254,0.0111999996,-49.1305695,1.64327598,37.5389404,-0.548321009,0.301997989,0.779814005
92,Eye_ID2550787_Task92_1766388497397,Eye_ID2550787_Task92_1766388497397.csv,739.75699999999995,3966,23,12,1,ValidHit,roof,roof,-66.1568909,11.000001,61.8344498,31.1079102,0.0110999998,-49.1305618,1.643224,37.5392418,-0.547322989,0.300779998,0.780986011
92,Eye_ID2550787_Task92_1766388497397,Eye_ID2550787_Task92_1766388497397.csv,739.7681,3967,23,12,1,ValidHit,roof,roof,-67.0058289,11,62.7951965,32.3252335,0.0109999999,-49.1324615,1.64287901,37.5383682,-0.552920997,0.289467007,0.781332016
92,Eye_ID2550787_Task92_1766388497397,Eye_ID2550787_Task92_1766388497397.csv,739.77909999999997,3968,23,12,1,ValidHit,roof,roof,-67.0683823,11.000001,62.2485008,31.9347,0.0113000004,-49.1261292,1.64358401,37.5430717,-0.561839998,0.292984992,0.773621023
92,Eye_ID2550787_Task92_1766388497397,Eye_ID2550787_Task92_1766388497397.csv,739.79039999999998,3969,23,12,1,ValidHit,roof,roof,-66.367569,11.000001,62.2775917,31.5690327,0.0109999999,-49.133419,1.64265501,37.5383987,-0.545913994,0.296406001,0.783645988
92,Eye_ID2550787_Task92_1766388497397,Eye_ID2550787_Task92_1766388497397.csv,739.80139999999994,3970,23,12,1,ValidHit,roof,roof,-66.3910446,11.000001,62.4054375,31.6817951,0.0109999999,-49.1334686,1.64261699,37.5387611,-0.54470998,0.295352012,0.784879982
92,Eye_ID2550787_Task92_1766388497397,Eye_ID2550787_Task92_1766388497397.csv,739.81240000000003,3971,23,12,1,ValidHit,roof,roof,-67.2202148,11.000001,63.4288177,32.9390831,0.0110999998,-49.13554,1.64236903,37.5374603,-0.549030006,0.284087002,0.786032021
92,Eye_ID2550787_Task92_1766388497397,Eye_ID2550787_Task92_1766388497397.csv,739.82349999999997,3972,23,12,1,ValidHit,roof,roof,-66.7447205,11,62.6153603,32.0396004,0.0111999996,-49.1335297,1.64254701,37.5390892,-0.549664021,0.292055994,0.782657027
92,Eye_ID2550787_Task92_1766388497397,Eye_ID2550787_Task92_1766388497397.csv,739.8347,3973,23,12,1,ValidHit,roof,roof,-66.7876434,11.000001,62.7476196,32.1665573,0.0110999998,-49.1335297,1.64246404,37.5393715,-0.548829019,0.290906012,0.783671021
92,Eye_ID2550787_Task92_1766388497397,Eye_ID2550787_Task92_1766388497397.csv,739.84580000000005,3974,23,12,1,ValidHit,roof,roof,-67.17276,11.0000019,63.2321091,32.7581024,0.0113000004,-49.1286011,1.64296997,37.5426483,-0.550823987,0.285636991,0.784208
92,Eye_ID2550787_Task92_1766388497397,Eye_ID2550787_Task92_1766388497397.csv,739.85709999999995,3975,23,12,1,ValidHit,roof,roof,-67.5558243,11.000001,63.6592331,33.3041039,0.0108000003,-49.1286392,1.64278102,37.543251,-0.55329299,0.28095901,0.784156024
92,Eye_ID2550787_Task92_1766388497397,Eye_ID2550787_Task92_1766388497397.csv,739.86789999999996,3976,23,12,1,ValidHit,roof,roof,-67.2241364,11.0000019,62.957016,32.5706787,0.0113000004,-49.1265907,1.64281797,37.5449791,-0.555634022,0.287286013,0.780205011
92,Eye_ID2550787_Task92_1766388497397,Eye_ID2550787_Task92_1766388497397.csv,739.87919999999997,3977,23,12,1,ValidHit,roof,roof,-67.3007278,11.000001,63.1678276,32.77771,0.0109000001,-49.1265488,1.64263797,37.5452385,-0.554463029,0.285477012,0.781701028
92,Eye_ID2550787_Task92_1766388497397,Eye_ID2550787_Task92_1766388497397.csv,739.89009999999996,3978,23,12,1,ValidHit,roof,roof,-66.6016006,11.0000019,61.9797325,31.464159,0.0110999998,-49.1316719,1.64201903,37.5415802,-0.555225015,0.297412992,0.776687026
92,Eye_ID2550787_Task92_1766388497397,Eye_ID2550787_Task92_1766388497397.csv,739.90120000000002,3979,23,12,1,ValidHit,commercial,C6,-58.8329353,6.46152496,51.5186462,17.6828709,0.0111999996,-49.1284218,1.64220202,37.5443687,-0.548801005,0.272538006,0.790260971
92,Eye_ID2550787_Task92_1766388497397,Eye_ID2550787_Task92_1766388497397.csv,739.91240000000005,3980,23,12,1,ValidHit,commercial,C6,-58.8005943,6.41897535,51.5367508,17.6677933,0.0111999996,-49.1283302,1.64201403,37.544651,-0.547443986,0.270372987,0.791944027
92,Eye_ID2550787_Task92_1766388497397,Eye_ID2550787_Task92_1766388497397.csv,739.92359999999996,3981,23,12,1,ValidHit,roof,roof,-67.7178802,11.000001,64.2486572,33.8560677,0.0109999999,-49.1262283,1.64199901,37.5463791,-0.549133003,0.27640301,0.788693011
92,Eye_ID2550787_Task92_1766388497397,Eye_ID2550787_Task92_1766388497397.csv,739.93460000000005,3982,23,12,1,ValidHit,roof,roof,-67.3566208,11.0000019,63.8111191,33.3132973,0.0110999998,-49.1344109,1.64105904,37.5406609,-0.546989024,0.280934006,0.788578987
92,Eye_ID2550787_Task92_1766388497397,Eye_ID2550787_Task92_1766388497397.csv,739.94569999999999,3983,23,12,1,ValidHit,roof,roof,-67.4198837,11.0000019,64.0716476,33.5534058,0.0113000004,-49.1343498,1.64087605,37.5409698,-0.544961989,0.278928995,0.790691018
92,Eye_ID2550787_Task92_1766388497397,Eye_ID2550787_Task92_1766388497397.csv,739.95699999999999,3984,23,12,1,ValidHit,commercial,C6,-58.5371552,6.26326418,51.6842117,17.6012764,0.0109999999,-49.1416397,1.63988101,37.5366516,-0.533794999,0.262672007,0.803776979
92,Eye_ID2550787_Task92_1766388497397,Eye_ID2550787_Task92_1766388497397.csv,739.96799999999996,3985,23,12,1,ValidHit,roof,roof,-67.5159531,11,64.1866455,33.6965027,0.0110999998,-49.1366692,1.64028895,37.5398598,-0.545433998,0.277763993,0.790785015
92,Eye_ID2550787_Task92_1766388497397,Eye_ID2550787_Task92_1766388497397.csv,739.97910000000002,3986,23,12,1,ValidHit,roof,roof,-67.6707153,11.000001,64.3488693,33.9091644,0.0110999998,-49.1331711,1.64047003,37.5423317,-0.546673,0.276012987,0.790525973
92,Eye_ID2550787_Task92_1766388497397,Eye_ID2550787_Task92_1766388497397.csv,739.99019999999996,3987,23,12,1,ValidHit,commercial,C6,-58.7668266,6.47469234,51.5556526,17.6789207,0.0110999998,-49.1330605,1.64032495,37.5426712,-0.544920027,0.273449004,0.792623997
92,Eye_ID2550787_Task92_1766388497397,Eye_ID2550787_Task92_1766388497397.csv,740.00130000000001,3988,23,12,1,ValidHit,roof,roof,-67.1694031,11.000001,64.0734177,33.4183655,0.0110999998,-49.1373787,1.63979101,37.5400505,-0.539577007,0.280088007,0.793964982
92,Eye_ID2550787_Task92_1766388497397,Eye_ID2550787_Task92_1766388497397.csv,740.01239999999996,3989,23,12,1,ValidHit,roof,roof,-67.8151093,11.000001,62.9238701,32.876236,0.0109999999,-49.1257286,1.64080906,37.5475197,-0.568473995,0.284678012,0.771870971
92,Eye_ID2550787_Task92_1766388497397,Eye_ID2550787_Task92_1766388497397.csv,740.02340000000004,3990,23,12,1,ValidHit,roof,roof,-67.8981552,11.0000019,63.1711044,33.1143379,0.0110999998,-49.1255913,1.64064598,37.5478096,-0.566897988,0.282635987,0.773778021
92,Eye_ID2550787_Task92_1766388497397,Eye_ID2550787_Task92_1766388497397.csv,740.03449999999998,3991,23,12,1,ValidHit,commercial,C6,-58.6026306,6.30528831,51.6475639,17.617197,0.0111999996,-49.1325607,1.63971901,37.5438118,-0.537537992,0.264826,0.800553977
92,Eye_ID2550787_Task92_1766388497397,Eye_ID2550787_Task92_1766388497397.csv,740.04570000000001,3992,23,12,1,ValidHit,commercial,C6,-58.5282516,6.45313692,51.6892014,17.6504135,0.0110999998,-49.136879,1.63923895,37.5412102,-0.532069027,0.27273199,0.801555991
92,Eye_ID2550787_Task92_1766388497397,Eye_ID2550787_Task92_1766388497397.csv,740.05679999999995,3993,23,12,1,ValidHit,roof,roof,-68.4904099,11,63.5201073,33.7228851,0.0111999996,-49.1145782,1.64151204,37.5541992,-0.574553013,0.277507991,0.769968987
92,Eye_ID2550787_Task92_1766388497397,Eye_ID2550787_Task92_1766388497397.csv,740.06799999999998,3994,23,12,1,ValidHit,roof,roof,-68.5284042,11.0000019,63.6973724,33.881237,0.0109999999,-49.1143799,1.64151299,37.554451,-0.572995007,0.276210994,0.771595001
92,Eye_ID2550787_Task92_1766388497397,Eye_ID2550787_Task92_1766388497397.csv,740.07899999999995,3995,23,12,1,ValidHit,roof,roof,-68.945137,11.000001,63.6158257,34.0592232,0.0110999998,-49.1130905,1.64151502,37.5555191,-0.582279027,0.274769992,0.765143991
92,Eye_ID2550787_Task92_1766388497397,Eye_ID2550787_Task92_1766388497397.csv,740.09010000000001,3996,23,12,1,ValidHit,roof,roof,-68.9744186,11.0000019,62.9968643,33.6051216,0.0111999996,-49.11063,1.64150798,37.5576515,-0.59108299,0.27847901,0.756990016
92,Eye_ID2550787_Task92_1766388497397,Eye_ID2550787_Task92_1766388497397.csv,740.10130000000004,3997,23,12,1,ValidHit,roof,roof,-68.7070541,11,63.8766251,34.1211815,0.0109999999,-49.1199417,1.64080906,37.5516205,-0.574043989,0.274291992,0.771512985
92,Eye_ID2550787_Task92_1766388497397,Eye_ID2550787_Task92_1766388497397.csv,740.1123,3998,23,12,1,ValidHit,roof,roof,-68.7286758,11.0000019,63.93536,34.1788673,0.0110999998,-49.1197891,1.64077795,37.5517998,-0.573711991,0.273829997,0.771924019
92,Eye_ID2550787_Task92_1766388497397,Eye_ID2550787_Task92_1766388497397.csv,740.12339999999995,3999,23,12,1,ValidHit,roof,roof,-65.9195862,11.000001,60.2750397,29.7680664,0.0110999998,-49.1227493,1.64023197,37.5506287,-0.564252973,0.314420998,0.763377011
92,Eye_ID2550787_Task92_1766388497397,Eye_ID2550787_Task92_1766388497397.csv,740.1345,4000,23,12,1,ValidHit,roof,roof,-69.082016,11.000001,63.2578735,33.8664246,0.0110999998,-49.1099396,1.64131606,37.5583382,-0.589720011,0.276336014,0.758835971
92,Eye_ID2550787_Task92_1766388497397,Eye_ID2550787_Task92_1766388497397.csv,740.14559999999994,4001,23,12,1,ValidHit,roof,roof,-69.0910416,11.0000019,63.3187637,33.9180069,0.0113000004,-49.1097717,1.64123905,37.5584412,-0.589093983,0.275918007,0.759473979
92,Eye_ID2550787_Task92_1766388497397,Eye_ID2550787_Task92_1766388497397.csv,740.15689999999995,4002,23,12,1,ValidHit,commercial,C6,-59.2582359,6.46413898,51.2805786,17.7351036,0.0109999999,-49.119091,1.64060605,37.5523186,-0.57169801,0.271975994,0.774070978
92,Eye_ID2550787_Task92_1766388497397,Eye_ID2550787_Task92_1766388497397.csv,740.16790000000003,4003,23,12,1,ValidHit,roof,roof,-66.2857285,11.000001,60.7854042,30.3652172,0.0110999998,-49.1192093,1.64041305,37.5527802,-0.565328002,0.308230013,0.765097022
92,Eye_ID2550787_Task92_1766388497397,Eye_ID2550787_Task92_1766388497397.csv,740.17899999999997,4004,23,12,1,ValidHit,roof,roof,-67.0320053,11,60.6220665,30.6710644,0.0110999998,-49.1132202,1.64098704,37.5560799,-0.584219992,0.305139005,0.752038002
92,Eye_ID2550787_Task92_1766388497397,Eye_ID2550787_Task92_1766388497397.csv,740.19010000000003,4005,23,12,1,ValidHit,roof,roof,-67.0423584,11.000001,60.6572304,30.7035866,0.0110999998,-49.112999,1.64103901,37.556179,-0.583944976,0.304814011,0.752382994
92,Eye_ID2550787_Task92_1766388497397,Eye_ID2550787_Task92_1766388497397.csv,740.20119999999997,4006,23,12,1,ValidHit,roof,roof,-66.6099243,11.000001,60.2366982,30.1361351,0.0110999998,-49.1095085,1.64147997,37.557621,-0.580711007,0.310541004,0.752552986
92,Eye_ID2550787_Task92_1766388497397,Eye_ID2550787_Task92_1766388497397.csv,740.21230000000003,4007,23,12,1,ValidHit,roof,roof,-65.677002,11.000001,58.5212898,28.3109169,0.0109999999,-49.111721,1.64095604,37.5568504,-0.585115016,0.330577999,0.740500987
92,Eye_ID2550787_Task92_1766388497397,Eye_ID2550787_Task92_1766388497397.csv,740.22329999999999,4008,23,12,1,ValidHit,roof,roof,-65.65979,11.000001,58.5074043,28.2907257,0.0113000004,-49.1114883,1.64097703,37.5568008,-0.584932029,0.330812991,0.740540028
92,Eye_ID2550787_Task92_1766388497397,Eye_ID2550787_Task92_1766388497397.csv,740.2346,4009,23,12,1,ValidHit,roof,roof,-66.9819031,11,60.5905495,30.6186504,0.0110999998,-49.1121407,1.64102805,37.5561714,-0.583618999,0.305660009,0.752292991
92,Eye_ID2550787_Task92_1766388497397,Eye_ID2550787_Task92_1766388497397.csv,740.24570000000006,4010,23,12,1,ValidHit,roof,roof,-66.5507431,11.000001,60.1763535,30.0569477,0.0109999999,-49.1086311,1.64148402,37.5575294,-0.580300987,0.311358988,0.752530992
92,Eye_ID2550787_Task92_1766388497397,Eye_ID2550787_Task92_1766388497397.csv,740.25670000000002,4011,23,12,1,ValidHit,roof,roof,-65.2432404,11.000001,58.438118,27.9974117,0.0110999998,-49.1146584,1.64065003,37.5544815,-0.576065004,0.334288001,0.745900989
92,Eye_ID2550787_Task92_1766388497397,Eye_ID2550787_Task92_1766388497397.csv,740.26779999999997,4012,23,12,1,ValidHit,roof,roof,-65.2289658,11.000001,58.4389572,27.9899635,0.0111999996,-49.1144218,1.64072704,37.5544281,-0.575716019,0.334374011,0.746131003
92,Eye_ID2550787_Task92_1766388497397,Eye_ID2550787_Task92_1766388497397.csv,740.279,4013,23,12,1,ValidHit,roof,roof,-65.537178,11.000001,58.7578964,28.4054012,0.0110999998,-49.115551,1.64045203,37.5542183,-0.578113019,0.32949701,0.746461987
92,Eye_ID2550787_Task92_1766388497397,Eye_ID2550787_Task92_1766388497397.csv,740.29010000000005,4014,23,12,1,ValidHit,roof,roof,-66.0503998,11.0000019,59.2951965,29.1047459,0.0109999999,-49.1167908,1.64057195,37.5526009,-0.581807971,0.321572989,0.74703598
92,Eye_ID2550787_Task92_1766388497397,Eye_ID2550787_Task92_1766388497397.csv,740.30110000000002,4015,23,12,1,ValidHit,roof,roof,-66.0343552,11.000001,59.2783356,29.0830212,0.0110999998,-49.1165619,1.64058006,37.5525017,-0.581699014,0.321812987,0.74701798
92,Eye_ID2550787_Task92_1766388497397,Eye_ID2550787_Task92_1766388497397.csv,740.31219999999996,4016,23,12,1,ValidHit,roof,roof,-67.4821243,11,60.7489548,31.031601,0.0111999996,-49.1156197,1.64045501,37.5534782,-0.591862023,0.30161199,0.747475982
92,Eye_ID2550787_Task92_1766388497397,Eye_ID2550787_Task92_1766388497397.csv,740.32339999999999,4017,23,12,1,ValidHit,roof,roof,-65.9045486,11.000001,59.7488632,29.3614006,0.0110999998,-49.1226997,1.64002395,37.5485802,-0.571555972,0.318782002,0.756097019
92,Eye_ID2550787_Task92_1766388497397,Eye_ID2550787_Task92_1766388497397.csv,740.33450000000005,4018,23,12,1,ValidHit,roof,roof,-65.7017365,11.0000019,59.5213318,29.0740528,0.0110999998,-49.1208992,1.64023602,37.5492706,-0.570294023,0.321927011,0.755724013
92,Eye_ID2550787_Task92_1766388497397,Eye_ID2550787_Task92_1766388497397.csv,740.34559999999999,4019,23,12,1,ValidHit,roof,roof,-65.6994934,11.000001,59.4979706,29.0553684,0.0113000004,-49.1206589,1.640239,37.5491295,-0.570591986,0.322133988,0.755411029
92,Eye_ID2550787_Task92_1766388497397,Eye_ID2550787_Task92_1766388497397.csv,740.3569,4020,23,12,1,ValidHit,roof,roof,-67.4386978,11,60.5902328,30.8881683,0,-49.1147804,1.64047897,37.5530396,-0.593231976,0.303012013,0.745823026
